thread_id,post_number,symptom,malware_type,if_resolved,initial_time,last_time,duration
358,23,annoying adds,Ransomware,y,2004-05-18,2004-05-25,7
363,18,unfamiliar icons,Fileless malware,y,2004-05-18,2004-05-23,5
367,7,Control Panel not openning,Viruse,y,2004-05-18,2004-05-22,4
371,10,sending strange messages,Ransomware,y,2004-05-19,2004-05-20,1
373,2,unusual messages,Spyware,n,2004-05-19,2004-05-19,0
385,17,unfamiliar icons,Hybrids,y,2004-05-20,2004-05-24,4
386,5,sending strange messages,Hybrids,y,2004-05-20,2004-05-21,1
387,8,homepage changed,Ransomware,y,2004-05-20,2004-05-20,0
389,14,crashes,Viruse,n,2004-05-20,2004-05-26,6
390,15,pop-ups,Adware,y,2004-05-20,2004-05-25,5
392,4,homepage changed,Trojan,n,2004-05-20,2004-05-21,1
393,4,suspicious traffic,Spyware,y,2004-05-20,2004-05-21,1
395,12,Control Panel not openning,Spyware,n,2004-05-21,2004-05-22,1
396,5,security solution disabled,Viruse,y,2004-05-21,2004-05-22,1
399,4,unusual messages,Hybrids,y,2004-05-21,2004-05-21,0
401,8,annoying adds,Worm,n,2004-05-21,2004-05-25,4
404,5,Control Panel not openning,Viruse,n,2004-05-21,2004-05-23,2
409,10,security solution disabled,Hybrids,n,2004-05-19,2004-05-22,3
413,4,unusual messages,Viruse,y,2004-05-21,2004-05-22,1
414,3,suspicious traffic,Spyware,y,2004-05-22,2004-05-28,6
415,3,unfamiliar icons,Worm,n,2004-05-22,2006-03-26,673
416,6,homepage changed,Hybrids,y,2004-05-22,2004-05-23,1
417,2,suspicious traffic,Adware,y,2004-05-22,2004-05-22,0
419,4,suspicious traffic,Viruse,n,2004-05-23,2004-05-25,2
420,25,unfamiliar icons,Adware,n,2004-05-23,2004-05-31,8
421,27,unusual messages,Viruse,n,2004-05-23,2004-05-27,4
422,6,slowing down,Spyware,n,2004-05-23,2004-05-25,2
423,19,security solution disabled,Ransomware,n,2004-05-23,2004-05-23,0
424,5,suspicious traffic,Worm,y,2004-05-23,2004-05-27,4
426,6,pop-ups,Adware,y,2004-05-24,2004-05-25,1
427,6,sending strange messages,Viruse,y,2004-05-24,2004-05-25,1
428,25,security solution disabled,Trojan,y,2004-05-24,2004-05-30,6
433,18,annoying adds,Adware,n,2004-05-25,2004-05-31,6
437,5,suspicious traffic,Hybrids,y,2004-05-25,2004-05-26,1
439,2,annoying adds,Spyware,n,2004-05-25,2004-05-25,0
440,10,suspicious traffic,Fileless malware,n,2004-05-25,2004-05-30,5
443,24,unusual messages,Viruse,y,2004-05-26,2004-06-05,10
445,2,security solution disabled,Ransomware,n,2004-05-26,2004-05-26,0
447,4,slowing down,Fileless malware,y,2004-05-26,2004-05-26,0
449,6,suspicious traffic,Viruse,n,2004-05-26,2004-06-02,7
450,2,unusual error messages,Hybrids,n,2004-05-26,2004-05-26,0
456,8,suspicious traffic,Ransomware,y,2004-05-27,2004-05-27,0
457,4,unusual error messages,Viruse,n,2004-05-27,2004-05-27,0
462,8,homepage changed,Spyware,y,2004-05-27,2004-05-27,0
471,2,security solution disabled,Adware,y,2004-05-27,2004-05-27,0
473,4,unusual error messages,Worm,y,2004-05-27,2004-05-28,1
476,6,pop-ups,Hybrids,y,2004-05-27,2004-05-29,2
493,5,pop-ups,Spyware,y,2004-05-29,2004-05-31,2
497,22,crashes,Fileless malware,n,2004-05-29,2004-05-31,2
499,15,crashes,Worm,n,2004-05-30,2004-06-07,8
500,5,annoying adds,Adware,y,2004-05-30,2004-06-01,2
502,15,suspicious traffic,Adware,y,2004-05-30,2004-06-01,2
505,6,sending strange messages,Spyware,y,2004-05-30,2004-05-31,1
508,15,slowing down,Viruse,n,2004-05-31,2004-06-01,1
510,6,suspicious traffic,Spyware,n,2004-05-31,2004-06-01,1
512,28,security solution disabled,Adware,n,2004-05-31,2004-06-02,2
513,4,unusual error messages,Worm,y,2004-05-31,2004-06-01,1
514,7,crashes,Viruse,y,2004-05-31,2004-06-01,1
517,8,suspicious traffic,Viruse,n,2004-05-31,2004-06-01,1
520,8,Control Panel not openning,Fileless malware,y,2004-06-01,2004-06-01,0
522,2,pop-ups,Adware,y,2004-06-01,2004-06-01,0
523,8,unusual messages,Spyware,n,2004-06-01,2004-06-06,5
524,7,pop-ups,Adware,y,2004-06-01,2004-06-02,1
526,9,pop-ups,Spyware,y,2004-06-01,2004-06-02,1
531,8,unfamiliar icons,Worm,n,2004-06-02,2004-06-04,2
532,19,pop-ups,Viruse,n,2004-06-02,2004-06-04,2
534,17,unusual error messages,Spyware,n,2004-06-02,2004-06-04,2
537,4,sending strange messages,Spyware,n,2004-06-02,2004-06-03,1
538,5,unusual messages,Spyware,y,2004-06-02,2004-06-06,4
541,7,unfamiliar icons,Trojan,y,2004-06-03,2004-06-03,0
544,2,security solution disabled,Ransomware,n,2004-06-03,2004-06-03,0
548,3,crashes,Worm,n,2004-06-03,2004-06-03,0
551,7,unfamiliar icons,Spyware,n,2004-06-03,2004-06-04,1
554,12,unfamiliar icons,Spyware,y,2004-06-04,2004-06-06,2
558,8,suspicious traffic,Adware,n,2004-06-04,2004-06-04,0
561,6,security solution disabled,Fileless malware,y,2004-06-04,2004-06-05,1
562,11,Control Panel not openning,Fileless malware,n,2004-06-04,2004-06-05,1
563,5,unusual error messages,Adware,y,2004-06-04,2004-06-05,1
565,6,annoying adds,Hybrids,y,2004-06-04,2004-06-09,5
566,6,sending strange messages,Spyware,n,2004-06-04,2004-06-05,1
567,4,suspicious traffic,Viruse,n,2004-06-04,2004-06-05,1
568,6,unusual error messages,Trojan,y,2004-06-04,2004-06-05,1
569,9,unfamiliar icons,Viruse,y,2004-06-04,2004-06-12,8
573,4,Control Panel not openning,Fileless malware,n,2004-06-05,2004-06-06,1
574,3,slowing down,Spyware,y,2004-06-05,2004-06-06,1
575,3,slowing down,Trojan,n,2004-06-05,2004-06-05,0
577,6,unusual messages,Spyware,y,2004-06-05,2004-06-07,2
578,4,pop-ups,Fileless malware,n,2004-06-05,2004-06-05,0
579,5,unusual messages,Spyware,n,2004-06-05,2004-06-05,0
580,2,sending strange messages,Trojan,y,2004-06-05,2004-06-05,0
581,14,homepage changed,Worm,n,2004-06-05,2004-06-07,2
582,3,homepage changed,Adware,y,2004-06-05,2004-06-05,0
587,4,Control Panel not openning,Adware,n,2004-06-06,2004-06-06,0
590,9,unfamiliar icons,Viruse,n,2004-06-06,2004-06-07,1
593,2,sending strange messages,Worm,n,2004-06-06,2004-06-06,0
599,4,unusual messages,Hybrids,n,2004-06-06,2004-06-07,1
600,4,slowing down,Adware,n,2004-06-06,2004-06-07,1
601,9,annoying adds,Worm,y,2004-06-06,2004-06-08,2
603,26,slowing down,Worm,y,2004-06-06,2004-07-28,52